{
  "type_1": {
    "eye_contact": 1.0,
    "uprightness": 0.9627275676291379,
    "stance_width_raw": 0.542739428369619,
    "stance_width_score": 0.44990844428748145,
    "weight_shift_raw": 0.007252280704100287,
    "weight_shift_score": 0.9927477192958997,
    "gesture_energy_raw": 0.06263675638353791,
    "gesture_variation_score": 0.04183163824109069,
    "chest_blocking_score": 0.12,
    "chest_open_score": 0.2823021885871285,
    "rotation_raw": 0.0014977962823586833,
    "rotation_control_score": 0.9985022037176413,
    "engagement_score": 0.06928805147439951
  },
  "type_2": {
    "eye_contact": 1.0,
    "uprightness": 0.8821904559644239,
    "stance_width_raw": 0.6292602723530224,
    "stance_width_score": 0.5172024340523508,
    "weight_shift_raw": 0.007949554578131015,
    "weight_shift_score": 0.9920504454218689,
    "gesture_energy_raw": 0.19518547666692707,
    "gesture_variation_score": 0.11161077251502506,
    "chest_blocking_score": 0.12,
    "chest_open_score": 0.5303362278460854,
    "rotation_raw": 0.002142406865284004,
    "rotation_control_score": 0.997857593134716,
    "engagement_score": 0.20296448044959306
  },
  "type_3": {
    "eye_contact": 1.0,
    "uprightness": 0.915842971954436,
    "stance_width_raw": 0.3542331428318204,
    "stance_width_score": 0.3032924444247492,
    "weight_shift_raw": 0.006173824785118522,
    "weight_shift_score": 0.9938261752148815,
    "gesture_energy_raw": 0.07295189830162384,
    "gesture_variation_score": 0.05531270112275165,
    "chest_blocking_score": 0.12,
    "chest_open_score": 0.33079536027902284,
    "rotation_raw": 0.00180355855333664,
    "rotation_control_score": 0.9981964414466633,
    "engagement_score": 0.08834687168449837
  },
  "type_4": {
    "eye_contact": 0.9966666666666667,
    "uprightness": 0.9207289872535366,
    "stance_width_raw": 0.5795859051410391,
    "stance_width_score": 0.4785668151096971,
    "weight_shift_raw": 0.01587491656083799,
    "weight_shift_score": 0.984125083439162,
    "gesture_energy_raw": 0.4206747982731524,
    "gesture_variation_score": 0.21030549718333033,
    "chest_blocking_score": 0.12,
    "chest_open_score": 0.5013651847361913,
    "rotation_raw": 0.011532657892110538,
    "rotation_control_score": 0.9884673421078894,
    "engagement_score": 0.33318362018432246
  },
  "type_5": {
    "eye_contact": 0.99,
    "uprightness": 0.8984881105926272,
    "stance_width_raw": 0.5423281431977387,
    "stance_width_score": 0.4495885558204634,
    "weight_shift_raw": 0.009707275700414264,
    "weight_shift_score": 0.9902927242995857,
    "gesture_energy_raw": 0.3094502699337058,
    "gesture_variation_score": 0.16766744739910402,
    "chest_blocking_score": 0.12,
    "chest_open_score": 0.5095003702759141,
    "rotation_raw": 0.0044814376869154945,
    "rotation_control_score": 0.9955185623130846,
    "engagement_score": 0.26983630211503684
  },
  "type_6": {
    "eye_contact": 1.0,
    "uprightness": 0.9332372065104572,
    "stance_width_raw": 0.7350878728534012,
    "stance_width_score": 0.5995127899970898,
    "weight_shift_raw": 0.011705738760686701,
    "weight_shift_score": 0.9882942612393133,
    "gesture_energy_raw": 0.29305945487980306,
    "gesture_variation_score": 0.17122049416846288,
    "chest_blocking_score": 0.12,
    "chest_open_score": 0.38489494703406046,
    "rotation_raw": 0.003845178281857386,
    "rotation_control_score": 0.9961548217181426,
    "engagement_score": 0.23878291706168545
  },
  "type_7": {
    "chest_blocking_score": 0.12,
    "chest_open_score": 0.357288178873002,
    "engagement_score": 0.09395886289060863,
    "eye_contact": 1.0,
    "gesture_energy_raw": 0.07874402629674832,
    "gesture_variation_score": 0.0487611865213471,
    "rotation_control_score": 0.9980629964798668,
    "rotation_raw": 0.001937003520133124,
    "stance_width_raw": 0.3907415295318327,
    "stance_width_score": 0.33168785630253655,
    "uprightness": 0.9469605686524545,
    "weight_shift_raw": 0.004292665774580948,
    "weight_shift_score": 0.995707334225419
  },
  "type_8": {
    "chest_blocking_score": 0.12,
    "chest_open_score": 0.545460361552178,
    "engagement_score": 0.18038148808048193,
    "eye_contact": 1.0,
    "gesture_energy_raw": 0.14706622384688067,
    "gesture_variation_score": 0.1003131858255715,
    "rotation_control_score": 0.9989405567868281,
    "rotation_raw": 0.0010594432131718105,
    "stance_width_raw": 0.5408657609875456,
    "stance_width_score": 0.44845114743475767,
    "uprightness": 0.878652328962701,
    "weight_shift_raw": 0.0014372209618802438,
    "weight_shift_score": 0.9985627790381197
  },
  "type_9": {
    "chest_blocking_score": 0.12,
    "chest_open_score": 0.29347659392350833,
    "engagement_score": 0.11271163079301358,
    "eye_contact": 0.9466666666666667,
    "gesture_energy_raw": 0.12052265291504137,
    "gesture_variation_score": 0.08508890913298085,
    "rotation_control_score": 0.9962787822821058,
    "rotation_raw": 0.003721217717894247,
    "stance_width_raw": 0.6807831834163555,
    "stance_width_score": 0.557275809323832,
    "uprightness": 0.9217271803153448,
    "weight_shift_raw": 0.004376277495971301,
    "weight_shift_score": 0.9956237225040288
  },
  "type_10": {
    "chest_blocking_score": 0.12,
    "chest_open_score": 0.3447572561621066,
    "engagement_score": 0.06504101346617866,
    "eye_contact": 1.0,
    "gesture_energy_raw": 0.03988718860330059,
    "gesture_variation_score": 0.023258078177920163,
    "rotation_control_score": 0.998807762908299,
    "rotation_raw": 0.0011922370917010203,
    "stance_width_raw": 0.44549622995515864,
    "stance_width_score": 0.3742748455206789,
    "uprightness": 0.8926088936114559,
    "weight_shift_raw": 0.0010162044766369668,
    "weight_shift_score": 0.998983795523363
  }
}
